batch_size,learning_rate,weight_decay,repeats,score
8,1e-05,0.1,0,0.7935143709182739
8,1e-05,0.01,0,0.8181149363517761
8,2e-05,0.1,0,0.8041887879371643
8,2e-05,0.01,0,0.8165150880813599
8,3e-05,0.1,0,0.7865700125694275
8,3e-05,0.01,0,0.7888558506965637
8,5e-05,0.1,0,0.778070867061615
8,5e-05,0.01,0,0.8107573390007019
16,1e-05,0.1,0,0.8640136122703552
16,1e-05,0.01,0,0.8686885237693787
