MAE,MSE,RMSE
0.65875113,0.7385504,0.85938954
