batch_size,learning_rate,weight_decay,repeats,score
8,1e-05,0.1,0,0.8633338809013367
8,1e-05,0.01,0,0.8607414960861206
8,2e-05,0.1,0,0.8552194833755493
8,2e-05,0.01,0,0.8595825433731079
8,3e-05,0.1,0,0.8432499766349792
8,3e-05,0.01,0,0.8591946959495544
8,5e-05,0.1,0,0.8579186201095581
8,5e-05,0.01,0,0.8640438914299011
16,1e-05,0.1,0,0.9020899534225464
16,1e-05,0.01,0,0.8981955647468567
16,2e-05,0.1,0,0.8690041303634644
