MAE,MSE,RMSE
0.65134645,0.7268808,0.85257304
