MAE,MSE,RMSE
0.631666,0.6863398,0.8284563
