MAE,MSE,RMSE
0.64722246,0.7199168,0.84847915
