MAE,MSE,RMSE
0.8585805727781036,1.1671864758824264,1.0803640478479588
