MAE,MSE,RMSE
0.8642677182354227,1.1680686455450362,1.0807722449919948
