MAE,MSE,RMSE
0.8346236874253331,1.1057657113003005,1.0515539507321061
