MAE,MSE,RMSE
43135963.96874873,2.381771289684194e+16,154329883.3565358
