MAE,MSE,RMSE
43873930.72422792,2.47268354361009e+16,157247688.1741061
