MAE,MSE,RMSE
64532748.980022386,2.2851337233005804e+16,151166587.6872459
