MAE,MSE,RMSE
0.62953806,0.6800854,0.82467294
