MAE,MSE,RMSE
0.6287191,0.68358374,0.8267912
