MAE,MSE
0.600512,0.62662965
