MAE,MSE,RMSE
0.6051575,0.6274019,0.792087
