batch_size,learning_rate,weight_decay,repeats,score
8,1e-05,0.1,0,35.91149139404297
8,1e-05,0.01,0,32.665252685546875
8,2e-05,0.1,0,27.00925064086914
8,2e-05,0.01,0,20.923797607421875
8,3e-05,0.1,0,15.55424976348877
8,3e-05,0.01,0,10.870100021362305
8,5e-05,0.1,0,3.2691333293914795
8,5e-05,0.01,0,2.883009910583496
16,1e-05,0.1,0,2.544471502304077
16,1e-05,0.01,0,2.7468085289001465
